--------------------------------------------------------------------------------------------------------------------------------------------------------------
-- 亚当·斯密 - 无形的大手 - 游戏逻辑
-- The Invisible Hand
-- 描述效果：资源、区域和建筑提供+1金币
-- 隐藏效果：市中心和市中心建筑也+1金币
--------------------------------------------------------------------------------------------------------------------------------------------------------------

--------------------------------------------------------------------------------------------------------------------------------------------------------------
-- 1. 每个区域+1金币（含市中心，因为市中心也是区域）
--------------------------------------------------------------------------------------------------------------------------------------------------------------
INSERT INTO TraitModifiers (TraitType, ModifierId) VALUES
('TRAIT_LEADER_ADAM_SMITH_INVISIBLE_HAND', 'MODIFIER_ADAM_SMITH_DISTRICT_GOLD');

INSERT INTO Modifiers (ModifierId, ModifierType, RunOnce, Permanent, NewOnly, OwnerRequirementSetId, SubjectRequirementSetId) VALUES
('MODIFIER_ADAM_SMITH_DISTRICT_GOLD', 'MODIFIER_PLAYER_CITIES_ADJUST_CITY_YIELD_PER_DISTRICT', 0, 0, 0, NULL, NULL);

INSERT INTO ModifierArguments (ModifierId, Name, Value) VALUES
('MODIFIER_ADAM_SMITH_DISTRICT_GOLD', 'Amount', '1'),
('MODIFIER_ADAM_SMITH_DISTRICT_GOLD', 'YieldType', 'YIELD_GOLD');

--------------------------------------------------------------------------------------------------------------------------------------------------------------
-- 2. 每个建筑+1金币（遍历所有建筑，含市中心建筑，不含奇观）
--------------------------------------------------------------------------------------------------------------------------------------------------------------

INSERT OR REPLACE INTO Modifiers
	(ModifierId, ModifierType, RunOnce, Permanent, NewOnly, OwnerRequirementSetId, SubjectRequirementSetId)
SELECT
	'MODIFIER_ADAM_SMITH_BUILDING_GOLD_'||BuildingType,
	'MODIFIER_PLAYER_CITIES_ADJUST_BUILDING_YIELD_CHANGE',
	0, 0, 0, NULL, NULL
FROM Buildings WHERE IsWonder != 1;

INSERT OR REPLACE INTO ModifierArguments
	(ModifierId, Name, Value)
SELECT
	'MODIFIER_ADAM_SMITH_BUILDING_GOLD_'||BuildingType,
	'BuildingType',
	BuildingType
FROM Buildings WHERE IsWonder != 1;

INSERT OR REPLACE INTO ModifierArguments
	(ModifierId, Name, Value)
SELECT
	'MODIFIER_ADAM_SMITH_BUILDING_GOLD_'||BuildingType,
	'YieldType',
	'YIELD_GOLD'
FROM Buildings WHERE IsWonder != 1;

INSERT OR REPLACE INTO ModifierArguments
	(ModifierId, Name, Value)
SELECT
	'MODIFIER_ADAM_SMITH_BUILDING_GOLD_'||BuildingType,
	'Amount',
	'1'
FROM Buildings WHERE IsWonder != 1;

INSERT OR REPLACE INTO TraitModifiers
	(TraitType, ModifierId)
SELECT
	'TRAIT_LEADER_ADAM_SMITH_INVISIBLE_HAND',
	'MODIFIER_ADAM_SMITH_BUILDING_GOLD_'||BuildingType
FROM Buildings WHERE IsWonder != 1;

--------------------------------------------------------------------------------------------------------------------------------------------------------------
-- 3. 每个资源地块+1金币（加成 / 奢侈 / 战略）
--------------------------------------------------------------------------------------------------------------------------------------------------------------

-- ======================== 3a. 加成资源 BONUS ========================
INSERT INTO TraitModifiers (TraitType, ModifierId) VALUES
('TRAIT_LEADER_ADAM_SMITH_INVISIBLE_HAND', 'MODIFIER_ADAM_SMITH_RESOURCE_GOLD_BONUS_CITIES');

INSERT INTO Modifiers (ModifierId, ModifierType, RunOnce, Permanent, NewOnly, OwnerRequirementSetId, SubjectRequirementSetId) VALUES
('MODIFIER_ADAM_SMITH_RESOURCE_GOLD_BONUS_CITIES', 'MODIFIER_PLAYER_CITIES_ATTACH_MODIFIER', 0, 0, 0, NULL, NULL);

INSERT INTO ModifierArguments (ModifierId, Name, Value) VALUES
('MODIFIER_ADAM_SMITH_RESOURCE_GOLD_BONUS_CITIES', 'ModifierId', 'MODIFIER_ADAM_SMITH_RESOURCE_GOLD_BONUS');

INSERT INTO Modifiers (ModifierId, ModifierType, RunOnce, Permanent, NewOnly, OwnerRequirementSetId, SubjectRequirementSetId) VALUES
('MODIFIER_ADAM_SMITH_RESOURCE_GOLD_BONUS', 'MODIFIER_CITY_PLOT_YIELDS_ADJUST_PLOT_YIELD', 0, 0, 0, NULL, 'REQ_ADAM_SMITH_PLOT_HAS_BONUS_RESOURCE_REQSET');

INSERT INTO ModifierArguments (ModifierId, Name, Value) VALUES
('MODIFIER_ADAM_SMITH_RESOURCE_GOLD_BONUS', 'Amount', '1'),
('MODIFIER_ADAM_SMITH_RESOURCE_GOLD_BONUS', 'YieldType', 'YIELD_GOLD');

INSERT INTO RequirementSets (RequirementSetId, RequirementSetType) VALUES
('REQ_ADAM_SMITH_PLOT_HAS_BONUS_RESOURCE_REQSET', 'REQUIREMENTSET_TEST_ALL');

INSERT INTO RequirementSetRequirements (RequirementSetId, RequirementId) VALUES
('REQ_ADAM_SMITH_PLOT_HAS_BONUS_RESOURCE_REQSET', 'REQ_ADAM_SMITH_PLOT_HAS_BONUS_RESOURCE'),
('REQ_ADAM_SMITH_PLOT_HAS_BONUS_RESOURCE_REQSET', 'REQ_ADAM_SMITH_PLOT_NOT_LEY_LINE');

INSERT INTO Requirements (RequirementId, RequirementType, Inverse) VALUES
('REQ_ADAM_SMITH_PLOT_HAS_BONUS_RESOURCE', 'REQUIREMENT_PLOT_RESOURCE_CLASS_TYPE_MATCHES', 0),
('REQ_ADAM_SMITH_PLOT_NOT_LEY_LINE',       'REQUIREMENT_PLOT_RESOURCE_TYPE_MATCHES',       1);

INSERT INTO RequirementArguments (RequirementId, Name, Value) VALUES
('REQ_ADAM_SMITH_PLOT_HAS_BONUS_RESOURCE', 'ResourceClassType', 'RESOURCECLASS_BONUS'),
('REQ_ADAM_SMITH_PLOT_NOT_LEY_LINE',       'ResourceType',      'RESOURCE_LEY_LINE');

-- ======================== 3b. 奢侈资源 LUXURY ========================
INSERT INTO TraitModifiers (TraitType, ModifierId) VALUES
('TRAIT_LEADER_ADAM_SMITH_INVISIBLE_HAND', 'MODIFIER_ADAM_SMITH_RESOURCE_GOLD_LUXURY_CITIES');

INSERT INTO Modifiers (ModifierId, ModifierType, RunOnce, Permanent, NewOnly, OwnerRequirementSetId, SubjectRequirementSetId) VALUES
('MODIFIER_ADAM_SMITH_RESOURCE_GOLD_LUXURY_CITIES', 'MODIFIER_PLAYER_CITIES_ATTACH_MODIFIER', 0, 0, 0, NULL, NULL);

INSERT INTO ModifierArguments (ModifierId, Name, Value) VALUES
('MODIFIER_ADAM_SMITH_RESOURCE_GOLD_LUXURY_CITIES', 'ModifierId', 'MODIFIER_ADAM_SMITH_RESOURCE_GOLD_LUXURY');

INSERT INTO Modifiers (ModifierId, ModifierType, RunOnce, Permanent, NewOnly, OwnerRequirementSetId, SubjectRequirementSetId) VALUES
('MODIFIER_ADAM_SMITH_RESOURCE_GOLD_LUXURY', 'MODIFIER_CITY_PLOT_YIELDS_ADJUST_PLOT_YIELD', 0, 0, 0, NULL, 'REQ_ADAM_SMITH_PLOT_HAS_LUXURY_RESOURCE_REQSET');

INSERT INTO ModifierArguments (ModifierId, Name, Value) VALUES
('MODIFIER_ADAM_SMITH_RESOURCE_GOLD_LUXURY', 'Amount', '1'),
('MODIFIER_ADAM_SMITH_RESOURCE_GOLD_LUXURY', 'YieldType', 'YIELD_GOLD');

INSERT INTO RequirementSets (RequirementSetId, RequirementSetType) VALUES
('REQ_ADAM_SMITH_PLOT_HAS_LUXURY_RESOURCE_REQSET', 'REQUIREMENTSET_TEST_ALL');

INSERT INTO RequirementSetRequirements (RequirementSetId, RequirementId) VALUES
('REQ_ADAM_SMITH_PLOT_HAS_LUXURY_RESOURCE_REQSET', 'REQ_ADAM_SMITH_PLOT_HAS_LUXURY_RESOURCE');

INSERT INTO Requirements (RequirementId, RequirementType) VALUES
('REQ_ADAM_SMITH_PLOT_HAS_LUXURY_RESOURCE', 'REQUIREMENT_PLOT_RESOURCE_CLASS_TYPE_MATCHES');

INSERT INTO RequirementArguments (RequirementId, Name, Value) VALUES
('REQ_ADAM_SMITH_PLOT_HAS_LUXURY_RESOURCE', 'ResourceClassType', 'RESOURCECLASS_LUXURY');

-- ======================== 3c. 战略资源 STRATEGIC（需解锁对应科技才+1金币）========================
-- 逐个资源处理，每个附带对应的揭示科技 Requirement
-- HORSES→ANIMAL_HUSBANDRY, IRON→BRONZE_WORKING, NITER→MILITARY_ENGINEERING,
-- COAL→INDUSTRIALIZATION, OIL→REFINING, ALUMINUM→RADIO, URANIUM→COMBINED_ARMS

-- ---------- TraitModifiers ----------
INSERT INTO TraitModifiers (TraitType, ModifierId) VALUES
('TRAIT_LEADER_ADAM_SMITH_INVISIBLE_HAND', 'MODIFIER_ADAM_SMITH_RES_GOLD_HORSES_CITIES'),
('TRAIT_LEADER_ADAM_SMITH_INVISIBLE_HAND', 'MODIFIER_ADAM_SMITH_RES_GOLD_IRON_CITIES'),
('TRAIT_LEADER_ADAM_SMITH_INVISIBLE_HAND', 'MODIFIER_ADAM_SMITH_RES_GOLD_NITER_CITIES'),
('TRAIT_LEADER_ADAM_SMITH_INVISIBLE_HAND', 'MODIFIER_ADAM_SMITH_RES_GOLD_COAL_CITIES'),
('TRAIT_LEADER_ADAM_SMITH_INVISIBLE_HAND', 'MODIFIER_ADAM_SMITH_RES_GOLD_OIL_CITIES'),
('TRAIT_LEADER_ADAM_SMITH_INVISIBLE_HAND', 'MODIFIER_ADAM_SMITH_RES_GOLD_ALUMINUM_CITIES'),
('TRAIT_LEADER_ADAM_SMITH_INVISIBLE_HAND', 'MODIFIER_ADAM_SMITH_RES_GOLD_URANIUM_CITIES');

-- ---------- Cities Attach Modifiers（OwnerReq = 科技要求）----------
INSERT INTO Modifiers (ModifierId, ModifierType, RunOnce, Permanent, NewOnly, OwnerRequirementSetId, SubjectRequirementSetId) VALUES
('MODIFIER_ADAM_SMITH_RES_GOLD_HORSES_CITIES',   'MODIFIER_PLAYER_CITIES_ATTACH_MODIFIER', 0, 0, 0, 'REQ_ADAM_SMITH_TECH_HORSES_REQSET',   NULL),
('MODIFIER_ADAM_SMITH_RES_GOLD_IRON_CITIES',     'MODIFIER_PLAYER_CITIES_ATTACH_MODIFIER', 0, 0, 0, 'REQ_ADAM_SMITH_TECH_IRON_REQSET',     NULL),
('MODIFIER_ADAM_SMITH_RES_GOLD_NITER_CITIES',    'MODIFIER_PLAYER_CITIES_ATTACH_MODIFIER', 0, 0, 0, 'REQ_ADAM_SMITH_TECH_NITER_REQSET',    NULL),
('MODIFIER_ADAM_SMITH_RES_GOLD_COAL_CITIES',     'MODIFIER_PLAYER_CITIES_ATTACH_MODIFIER', 0, 0, 0, 'REQ_ADAM_SMITH_TECH_COAL_REQSET',     NULL),
('MODIFIER_ADAM_SMITH_RES_GOLD_OIL_CITIES',      'MODIFIER_PLAYER_CITIES_ATTACH_MODIFIER', 0, 0, 0, 'REQ_ADAM_SMITH_TECH_OIL_REQSET',      NULL),
('MODIFIER_ADAM_SMITH_RES_GOLD_ALUMINUM_CITIES', 'MODIFIER_PLAYER_CITIES_ATTACH_MODIFIER', 0, 0, 0, 'REQ_ADAM_SMITH_TECH_ALUMINUM_REQSET', NULL),
('MODIFIER_ADAM_SMITH_RES_GOLD_URANIUM_CITIES',  'MODIFIER_PLAYER_CITIES_ATTACH_MODIFIER', 0, 0, 0, 'REQ_ADAM_SMITH_TECH_URANIUM_REQSET',  NULL);

INSERT INTO ModifierArguments (ModifierId, Name, Value) VALUES
('MODIFIER_ADAM_SMITH_RES_GOLD_HORSES_CITIES',   'ModifierId', 'MODIFIER_ADAM_SMITH_RES_GOLD_HORSES'),
('MODIFIER_ADAM_SMITH_RES_GOLD_IRON_CITIES',     'ModifierId', 'MODIFIER_ADAM_SMITH_RES_GOLD_IRON'),
('MODIFIER_ADAM_SMITH_RES_GOLD_NITER_CITIES',    'ModifierId', 'MODIFIER_ADAM_SMITH_RES_GOLD_NITER'),
('MODIFIER_ADAM_SMITH_RES_GOLD_COAL_CITIES',     'ModifierId', 'MODIFIER_ADAM_SMITH_RES_GOLD_COAL'),
('MODIFIER_ADAM_SMITH_RES_GOLD_OIL_CITIES',      'ModifierId', 'MODIFIER_ADAM_SMITH_RES_GOLD_OIL'),
('MODIFIER_ADAM_SMITH_RES_GOLD_ALUMINUM_CITIES', 'ModifierId', 'MODIFIER_ADAM_SMITH_RES_GOLD_ALUMINUM'),
('MODIFIER_ADAM_SMITH_RES_GOLD_URANIUM_CITIES',  'ModifierId', 'MODIFIER_ADAM_SMITH_RES_GOLD_URANIUM');

-- ---------- Plot Yield Modifiers（SubjectReq = 资源地块）----------
INSERT INTO Modifiers (ModifierId, ModifierType, RunOnce, Permanent, NewOnly, OwnerRequirementSetId, SubjectRequirementSetId) VALUES
('MODIFIER_ADAM_SMITH_RES_GOLD_HORSES',   'MODIFIER_CITY_PLOT_YIELDS_ADJUST_PLOT_YIELD', 0, 0, 0, NULL, 'REQ_ADAM_SMITH_PLOT_HORSES_REQSET'),
('MODIFIER_ADAM_SMITH_RES_GOLD_IRON',     'MODIFIER_CITY_PLOT_YIELDS_ADJUST_PLOT_YIELD', 0, 0, 0, NULL, 'REQ_ADAM_SMITH_PLOT_IRON_REQSET'),
('MODIFIER_ADAM_SMITH_RES_GOLD_NITER',    'MODIFIER_CITY_PLOT_YIELDS_ADJUST_PLOT_YIELD', 0, 0, 0, NULL, 'REQ_ADAM_SMITH_PLOT_NITER_REQSET'),
('MODIFIER_ADAM_SMITH_RES_GOLD_COAL',     'MODIFIER_CITY_PLOT_YIELDS_ADJUST_PLOT_YIELD', 0, 0, 0, NULL, 'REQ_ADAM_SMITH_PLOT_COAL_REQSET'),
('MODIFIER_ADAM_SMITH_RES_GOLD_OIL',      'MODIFIER_CITY_PLOT_YIELDS_ADJUST_PLOT_YIELD', 0, 0, 0, NULL, 'REQ_ADAM_SMITH_PLOT_OIL_REQSET'),
('MODIFIER_ADAM_SMITH_RES_GOLD_ALUMINUM', 'MODIFIER_CITY_PLOT_YIELDS_ADJUST_PLOT_YIELD', 0, 0, 0, NULL, 'REQ_ADAM_SMITH_PLOT_ALUMINUM_REQSET'),
('MODIFIER_ADAM_SMITH_RES_GOLD_URANIUM',  'MODIFIER_CITY_PLOT_YIELDS_ADJUST_PLOT_YIELD', 0, 0, 0, NULL, 'REQ_ADAM_SMITH_PLOT_URANIUM_REQSET');

INSERT INTO ModifierArguments (ModifierId, Name, Value) VALUES
('MODIFIER_ADAM_SMITH_RES_GOLD_HORSES',   'Amount', '1'), ('MODIFIER_ADAM_SMITH_RES_GOLD_HORSES',   'YieldType', 'YIELD_GOLD'),
('MODIFIER_ADAM_SMITH_RES_GOLD_IRON',     'Amount', '1'), ('MODIFIER_ADAM_SMITH_RES_GOLD_IRON',     'YieldType', 'YIELD_GOLD'),
('MODIFIER_ADAM_SMITH_RES_GOLD_NITER',    'Amount', '1'), ('MODIFIER_ADAM_SMITH_RES_GOLD_NITER',    'YieldType', 'YIELD_GOLD'),
('MODIFIER_ADAM_SMITH_RES_GOLD_COAL',     'Amount', '1'), ('MODIFIER_ADAM_SMITH_RES_GOLD_COAL',     'YieldType', 'YIELD_GOLD'),
('MODIFIER_ADAM_SMITH_RES_GOLD_OIL',      'Amount', '1'), ('MODIFIER_ADAM_SMITH_RES_GOLD_OIL',      'YieldType', 'YIELD_GOLD'),
('MODIFIER_ADAM_SMITH_RES_GOLD_ALUMINUM', 'Amount', '1'), ('MODIFIER_ADAM_SMITH_RES_GOLD_ALUMINUM', 'YieldType', 'YIELD_GOLD'),
('MODIFIER_ADAM_SMITH_RES_GOLD_URANIUM',  'Amount', '1'), ('MODIFIER_ADAM_SMITH_RES_GOLD_URANIUM',  'YieldType', 'YIELD_GOLD');

-- ---------- 科技 RequirementSets（OwnerReq 检查玩家是否有揭示科技）----------
INSERT INTO RequirementSets (RequirementSetId, RequirementSetType) VALUES
('REQ_ADAM_SMITH_TECH_HORSES_REQSET',   'REQUIREMENTSET_TEST_ALL'),
('REQ_ADAM_SMITH_TECH_IRON_REQSET',     'REQUIREMENTSET_TEST_ALL'),
('REQ_ADAM_SMITH_TECH_NITER_REQSET',    'REQUIREMENTSET_TEST_ALL'),
('REQ_ADAM_SMITH_TECH_COAL_REQSET',     'REQUIREMENTSET_TEST_ALL'),
('REQ_ADAM_SMITH_TECH_OIL_REQSET',      'REQUIREMENTSET_TEST_ALL'),
('REQ_ADAM_SMITH_TECH_ALUMINUM_REQSET', 'REQUIREMENTSET_TEST_ALL'),
('REQ_ADAM_SMITH_TECH_URANIUM_REQSET',  'REQUIREMENTSET_TEST_ALL');

INSERT INTO RequirementSetRequirements (RequirementSetId, RequirementId) VALUES
('REQ_ADAM_SMITH_TECH_HORSES_REQSET',   'REQ_ADAM_SMITH_TECH_HORSES'),
('REQ_ADAM_SMITH_TECH_IRON_REQSET',     'REQ_ADAM_SMITH_TECH_IRON'),
('REQ_ADAM_SMITH_TECH_NITER_REQSET',    'REQ_ADAM_SMITH_TECH_NITER'),
('REQ_ADAM_SMITH_TECH_COAL_REQSET',     'REQ_ADAM_SMITH_TECH_COAL'),
('REQ_ADAM_SMITH_TECH_OIL_REQSET',      'REQ_ADAM_SMITH_TECH_OIL'),
('REQ_ADAM_SMITH_TECH_ALUMINUM_REQSET', 'REQ_ADAM_SMITH_TECH_ALUMINUM'),
('REQ_ADAM_SMITH_TECH_URANIUM_REQSET',  'REQ_ADAM_SMITH_TECH_URANIUM');

INSERT INTO Requirements (RequirementId, RequirementType) VALUES
('REQ_ADAM_SMITH_TECH_HORSES',   'REQUIREMENT_PLAYER_HAS_TECHNOLOGY'),
('REQ_ADAM_SMITH_TECH_IRON',     'REQUIREMENT_PLAYER_HAS_TECHNOLOGY'),
('REQ_ADAM_SMITH_TECH_NITER',    'REQUIREMENT_PLAYER_HAS_TECHNOLOGY'),
('REQ_ADAM_SMITH_TECH_COAL',     'REQUIREMENT_PLAYER_HAS_TECHNOLOGY'),
('REQ_ADAM_SMITH_TECH_OIL',      'REQUIREMENT_PLAYER_HAS_TECHNOLOGY'),
('REQ_ADAM_SMITH_TECH_ALUMINUM', 'REQUIREMENT_PLAYER_HAS_TECHNOLOGY'),
('REQ_ADAM_SMITH_TECH_URANIUM',  'REQUIREMENT_PLAYER_HAS_TECHNOLOGY');

INSERT INTO RequirementArguments (RequirementId, Name, Value) VALUES
('REQ_ADAM_SMITH_TECH_HORSES',   'TechnologyType', 'TECH_ANIMAL_HUSBANDRY'),
('REQ_ADAM_SMITH_TECH_IRON',     'TechnologyType', 'TECH_BRONZE_WORKING'),
('REQ_ADAM_SMITH_TECH_NITER',    'TechnologyType', 'TECH_MILITARY_ENGINEERING'),
('REQ_ADAM_SMITH_TECH_COAL',     'TechnologyType', 'TECH_INDUSTRIALIZATION'),
('REQ_ADAM_SMITH_TECH_OIL',      'TechnologyType', 'TECH_REFINING'),
('REQ_ADAM_SMITH_TECH_ALUMINUM', 'TechnologyType', 'TECH_RADIO'),
('REQ_ADAM_SMITH_TECH_URANIUM',  'TechnologyType', 'TECH_COMBINED_ARMS');

-- ---------- 资源地块 RequirementSets（SubjectReq 检查地块是否有该资源）----------
INSERT INTO RequirementSets (RequirementSetId, RequirementSetType) VALUES
('REQ_ADAM_SMITH_PLOT_HORSES_REQSET',   'REQUIREMENTSET_TEST_ALL'),
('REQ_ADAM_SMITH_PLOT_IRON_REQSET',     'REQUIREMENTSET_TEST_ALL'),
('REQ_ADAM_SMITH_PLOT_NITER_REQSET',    'REQUIREMENTSET_TEST_ALL'),
('REQ_ADAM_SMITH_PLOT_COAL_REQSET',     'REQUIREMENTSET_TEST_ALL'),
('REQ_ADAM_SMITH_PLOT_OIL_REQSET',      'REQUIREMENTSET_TEST_ALL'),
('REQ_ADAM_SMITH_PLOT_ALUMINUM_REQSET', 'REQUIREMENTSET_TEST_ALL'),
('REQ_ADAM_SMITH_PLOT_URANIUM_REQSET',  'REQUIREMENTSET_TEST_ALL');

INSERT INTO RequirementSetRequirements (RequirementSetId, RequirementId) VALUES
('REQ_ADAM_SMITH_PLOT_HORSES_REQSET',   'REQ_ADAM_SMITH_PLOT_HORSES'),
('REQ_ADAM_SMITH_PLOT_IRON_REQSET',     'REQ_ADAM_SMITH_PLOT_IRON'),
('REQ_ADAM_SMITH_PLOT_NITER_REQSET',    'REQ_ADAM_SMITH_PLOT_NITER'),
('REQ_ADAM_SMITH_PLOT_COAL_REQSET',     'REQ_ADAM_SMITH_PLOT_COAL'),
('REQ_ADAM_SMITH_PLOT_OIL_REQSET',      'REQ_ADAM_SMITH_PLOT_OIL'),
('REQ_ADAM_SMITH_PLOT_ALUMINUM_REQSET', 'REQ_ADAM_SMITH_PLOT_ALUMINUM'),
('REQ_ADAM_SMITH_PLOT_URANIUM_REQSET',  'REQ_ADAM_SMITH_PLOT_URANIUM');

INSERT INTO Requirements (RequirementId, RequirementType) VALUES
('REQ_ADAM_SMITH_PLOT_HORSES',   'REQUIREMENT_PLOT_RESOURCE_TYPE_MATCHES'),
('REQ_ADAM_SMITH_PLOT_IRON',     'REQUIREMENT_PLOT_RESOURCE_TYPE_MATCHES'),
('REQ_ADAM_SMITH_PLOT_NITER',    'REQUIREMENT_PLOT_RESOURCE_TYPE_MATCHES'),
('REQ_ADAM_SMITH_PLOT_COAL',     'REQUIREMENT_PLOT_RESOURCE_TYPE_MATCHES'),
('REQ_ADAM_SMITH_PLOT_OIL',      'REQUIREMENT_PLOT_RESOURCE_TYPE_MATCHES'),
('REQ_ADAM_SMITH_PLOT_ALUMINUM', 'REQUIREMENT_PLOT_RESOURCE_TYPE_MATCHES'),
('REQ_ADAM_SMITH_PLOT_URANIUM',  'REQUIREMENT_PLOT_RESOURCE_TYPE_MATCHES');

INSERT INTO RequirementArguments (RequirementId, Name, Value) VALUES
('REQ_ADAM_SMITH_PLOT_HORSES',   'ResourceType', 'RESOURCE_HORSES'),
('REQ_ADAM_SMITH_PLOT_IRON',     'ResourceType', 'RESOURCE_IRON'),
('REQ_ADAM_SMITH_PLOT_NITER',    'ResourceType', 'RESOURCE_NITER'),
('REQ_ADAM_SMITH_PLOT_COAL',     'ResourceType', 'RESOURCE_COAL'),
('REQ_ADAM_SMITH_PLOT_OIL',      'ResourceType', 'RESOURCE_OIL'),
('REQ_ADAM_SMITH_PLOT_ALUMINUM', 'ResourceType', 'RESOURCE_ALUMINUM'),
('REQ_ADAM_SMITH_PLOT_URANIUM',  'ResourceType', 'RESOURCE_URANIUM');
