-- ==========================================================================
-- NABATAEAN CIVILIZATION - Aretas IV
-- Pattern: Larry Duneng + Lemonaide Canada (verified working)
-- ==========================================================================

-- TYPES
INSERT OR IGNORE INTO Types (Type, Kind)
VALUES	('CIVILIZATION_NABATAEAN',						'KIND_CIVILIZATION'),
		('LEADER_NABATAEAN_ARETAS',						'KIND_LEADER'),
		('TRAIT_LEADER_NABATAEAN_ARETAS_PETRAS_DOMAIN',	'KIND_TRAIT'),
		('TRAIT_CIVILIZATION_NABATAEAN_FRUIT_TREE',		'KIND_TRAIT');

-- CIVILIZATION
INSERT OR IGNORE INTO Civilizations (CivilizationType, Name, Description, Adjective, StartingCivilizationLevelType, RandomCityNameDepth)
VALUES ('CIVILIZATION_NABATAEAN', 'LOC_CIVILIZATION_NABATAEAN_NAME', 'LOC_CIVILIZATION_NABATAEAN_DESCRIPTION', 'LOC_CIVILIZATION_NABATAEAN_ADJECTIVE', 'CIVILIZATION_LEVEL_FULL_CIV', 10);

-- LEADERS
INSERT OR IGNORE INTO Leaders (LeaderType, Name, InheritFrom, SceneLayers)
VALUES ('LEADER_NABATAEAN_ARETAS', 'LOC_LEADER_NABATAEAN_ARETAS_NAME', 'LEADER_DEFAULT', 4);

INSERT OR IGNORE INTO LeaderQuotes (LeaderType, Quote)
VALUES ('LEADER_NABATAEAN_ARETAS', 'LOC_PEDIA_LEADERS_PAGE_LEADER_NABATAEAN_ARETAS_QUOTE');

-- CIVILIZATION LEADERS
INSERT OR IGNORE INTO CivilizationLeaders (CivilizationType, LeaderType, CapitalName)
VALUES ('CIVILIZATION_NABATAEAN', 'LEADER_NABATAEAN_ARETAS', 'LOC_CITY_NAME_NABATAEAN_1');

-- TRAITS
INSERT OR IGNORE INTO Traits (TraitType, Name, Description)
VALUES	('TRAIT_LEADER_NABATAEAN_ARETAS_PETRAS_DOMAIN', 'LOC_TRAIT_LEADER_NABATAEAN_ARETAS_NAME', 'LOC_TRAIT_LEADER_NABATAEAN_ARETAS_DESCRIPTION'),
		('TRAIT_CIVILIZATION_NABATAEAN_FRUIT_TREE', 'LOC_TRAIT_CIVILIZATION_NABATAEAN_FRUIT_TREE_NAME', 'LOC_TRAIT_CIVILIZATION_NABATAEAN_FRUIT_TREE_DESCRIPTION');

INSERT OR IGNORE INTO LeaderTraits (LeaderType, TraitType)
VALUES ('LEADER_NABATAEAN_ARETAS', 'TRAIT_LEADER_NABATAEAN_ARETAS_PETRAS_DOMAIN');

INSERT OR IGNORE INTO CivilizationTraits (CivilizationType, TraitType)
VALUES ('CIVILIZATION_NABATAEAN', 'TRAIT_CIVILIZATION_NABATAEAN_FRUIT_TREE');

-- HISTORICAL AGENDA
INSERT OR IGNORE INTO HistoricalAgendas (LeaderType, AgendaType)
VALUES ('LEADER_NABATAEAN_ARETAS', 'AGENDA_EXPLORER');

-- CITY NAMES (CityNames, NOT CivilizationCityNames!)
INSERT OR IGNORE INTO CityNames (CivilizationType, CityName)
VALUES	('CIVILIZATION_NABATAEAN', 'LOC_CITY_NAME_NABATAEAN_1'),
		('CIVILIZATION_NABATAEAN', 'LOC_CITY_NAME_NABATAEAN_2'),
		('CIVILIZATION_NABATAEAN', 'LOC_CITY_NAME_NABATAEAN_3'),
		('CIVILIZATION_NABATAEAN', 'LOC_CITY_NAME_NABATAEAN_4'),
		('CIVILIZATION_NABATAEAN', 'LOC_CITY_NAME_NABATAEAN_5'),
		('CIVILIZATION_NABATAEAN', 'LOC_CITY_NAME_NABATAEAN_6'),
		('CIVILIZATION_NABATAEAN', 'LOC_CITY_NAME_NABATAEAN_7'),
		('CIVILIZATION_NABATAEAN', 'LOC_CITY_NAME_NABATAEAN_8'),
		('CIVILIZATION_NABATAEAN', 'LOC_CITY_NAME_NABATAEAN_9'),
		('CIVILIZATION_NABATAEAN', 'LOC_CITY_NAME_NABATAEAN_10');

-- START BIAS
INSERT OR IGNORE INTO StartBiasTerrains (CivilizationType, TerrainType, Tier)
VALUES	('CIVILIZATION_NABATAEAN', 'TERRAIN_DESERT', 1),
		('CIVILIZATION_NABATAEAN', 'TERRAIN_DESERT_HILLS', 1);

-- ==========================================================================
-- LEADER ABILITY: Petra's Domain
-- Free builder for cities within 6 tiles (not capital)
-- -50% yields for cities 7+ tiles from capital
-- Uses Maya DLC RequirementSets + ModifierTypes
-- ==========================================================================

INSERT OR IGNORE INTO TraitModifiers (TraitType, ModifierId)
VALUES
	('TRAIT_LEADER_NABATAEAN_ARETAS_PETRAS_DOMAIN', 'NABATAEAN_NEARBY_CITY_BUILDER'),
	('TRAIT_LEADER_NABATAEAN_ARETAS_PETRAS_DOMAIN', 'NABATAEAN_FAR_CITY_PENALTY'),
	('TRAIT_CIVILIZATION_NABATAEAN_FRUIT_TREE', 'NABATAEAN_DESERT_FOOD'),
	('TRAIT_CIVILIZATION_NABATAEAN_FRUIT_TREE', 'NABATAEAN_DESERT_GOLD'),
	('TRAIT_CIVILIZATION_NABATAEAN_FRUIT_TREE', 'NABATAEAN_DESERT_PRODUCTION'),
	('TRAIT_CIVILIZATION_NABATAEAN_FRUIT_TREE', 'NABATAEAN_DESERT_HILLS_FOOD'),
	('TRAIT_CIVILIZATION_NABATAEAN_FRUIT_TREE', 'NABATAEAN_DESERT_HILLS_GOLD'),
	('TRAIT_CIVILIZATION_NABATAEAN_FRUIT_TREE', 'NABATAEAN_DESERT_HILLS_PRODUCTION');

-- MODIFIERS
INSERT OR IGNORE INTO Modifiers (ModifierId, ModifierType, Permanent, SubjectRequirementSetId)
VALUES ('NABATAEAN_NEARBY_CITY_BUILDER', 'MODIFIER_PLAYER_CITIES_GRANT_UNIT_IN_CITY_GRANCOLOMBIA_MAYA', 1, 'OBJECT_IS_FOUNDED_6_TILES_FROM_CAPITAL_NOT_CAPITAL_REQUIREMENTS');

INSERT OR IGNORE INTO Modifiers (ModifierId, ModifierType, SubjectRequirementSetId)
VALUES ('NABATAEAN_FAR_CITY_PENALTY', 'MODIFIER_PLAYER_CITIES_ADJUST_CITY_YIELD_MODIFIER_GRANCOLOMBIA_MAYA', 'OBJECT_IS_7_OR_MORE_TILES_FROM_CAPITAL_REQUIREMENTS');

INSERT OR IGNORE INTO ModifierArguments (ModifierId, Name, Value)
VALUES	('NABATAEAN_NEARBY_CITY_BUILDER', 'UnitType', 'UNIT_BUILDER'),
		('NABATAEAN_NEARBY_CITY_BUILDER', 'Amount', '1'),
		('NABATAEAN_FAR_CITY_PENALTY', 'YieldType', 'YIELD_PRODUCTION, YIELD_FOOD, YIELD_SCIENCE, YIELD_CULTURE, YIELD_GOLD, YIELD_FAITH'),
		('NABATAEAN_FAR_CITY_PENALTY', 'Amount', '-50, -50, -50, -50, -50, -50');

-- DESERT BONUSES
INSERT OR IGNORE INTO Modifiers (ModifierId, ModifierType, SubjectRequirementSetId)
VALUES	('NABATAEAN_DESERT_FOOD',			'MODIFIER_PLAYER_ADJUST_PLOT_YIELD', 'NABATAEAN_DESERT_NO_FLOOD_REQS'),
		('NABATAEAN_DESERT_GOLD',			'MODIFIER_PLAYER_ADJUST_PLOT_YIELD', 'NABATAEAN_DESERT_NO_FLOOD_REQS'),
		('NABATAEAN_DESERT_PRODUCTION',		'MODIFIER_PLAYER_ADJUST_PLOT_YIELD', 'NABATAEAN_DESERT_NO_FLOOD_REQS'),
		('NABATAEAN_DESERT_HILLS_FOOD',		'MODIFIER_PLAYER_ADJUST_PLOT_YIELD', 'NABATAEAN_DESERT_HILLS_NO_FLOOD_REQS'),
		('NABATAEAN_DESERT_HILLS_GOLD',		'MODIFIER_PLAYER_ADJUST_PLOT_YIELD', 'NABATAEAN_DESERT_HILLS_NO_FLOOD_REQS'),
		('NABATAEAN_DESERT_HILLS_PRODUCTION','MODIFIER_PLAYER_ADJUST_PLOT_YIELD', 'NABATAEAN_DESERT_HILLS_NO_FLOOD_REQS');

INSERT OR IGNORE INTO ModifierArguments (ModifierId, Name, Value)
VALUES	('NABATAEAN_DESERT_FOOD',				'YieldType',	'YIELD_FOOD'),
		('NABATAEAN_DESERT_FOOD',				'Amount',		'2'),
		('NABATAEAN_DESERT_GOLD',				'YieldType',	'YIELD_GOLD'),
		('NABATAEAN_DESERT_GOLD',				'Amount',		'2'),
		('NABATAEAN_DESERT_PRODUCTION',			'YieldType',	'YIELD_PRODUCTION'),
		('NABATAEAN_DESERT_PRODUCTION',			'Amount',		'1'),
		('NABATAEAN_DESERT_HILLS_FOOD',			'YieldType',	'YIELD_FOOD'),
		('NABATAEAN_DESERT_HILLS_FOOD',			'Amount',		'2'),
		('NABATAEAN_DESERT_HILLS_GOLD',			'YieldType',	'YIELD_GOLD'),
		('NABATAEAN_DESERT_HILLS_GOLD',			'Amount',		'2'),
		('NABATAEAN_DESERT_HILLS_PRODUCTION',	'YieldType',	'YIELD_PRODUCTION'),
		('NABATAEAN_DESERT_HILLS_PRODUCTION',	'Amount',		'1');

-- REQUIREMENT SETS (desert bonuses)
INSERT OR IGNORE INTO RequirementSets (RequirementSetId, RequirementSetType)
VALUES	('NABATAEAN_DESERT_NO_FLOOD_REQS',			'REQUIREMENTSET_TEST_ALL'),
		('NABATAEAN_DESERT_HILLS_NO_FLOOD_REQS',	'REQUIREMENTSET_TEST_ALL');

INSERT OR IGNORE INTO Requirements (RequirementId, RequirementType)
VALUES	('NABATAEAN_REQ_IS_DESERT',			'REQUIREMENT_PLOT_TERRAIN_TYPE_MATCHES'),
		('NABATAEAN_REQ_IS_DESERT_HILLS',	'REQUIREMENT_PLOT_TERRAIN_TYPE_MATCHES');

INSERT OR IGNORE INTO Requirements (RequirementId, RequirementType, Inverse)
VALUES ('NABATAEAN_REQ_NOT_FLOODPLAINS', 'REQUIREMENT_PLOT_FEATURE_TYPE_MATCHES', 1);

INSERT OR IGNORE INTO RequirementArguments (RequirementId, Name, Value)
VALUES	('NABATAEAN_REQ_IS_DESERT',			'TerrainType',	'TERRAIN_DESERT'),
		('NABATAEAN_REQ_IS_DESERT_HILLS',	'TerrainType',	'TERRAIN_DESERT_HILLS'),
		('NABATAEAN_REQ_NOT_FLOODPLAINS',	'FeatureType',	'FEATURE_FLOODPLAINS');

INSERT OR IGNORE INTO RequirementSetRequirements (RequirementSetId, RequirementId)
VALUES	('NABATAEAN_DESERT_NO_FLOOD_REQS',			'NABATAEAN_REQ_IS_DESERT'),
		('NABATAEAN_DESERT_NO_FLOOD_REQS',			'NABATAEAN_REQ_NOT_FLOODPLAINS'),
		('NABATAEAN_DESERT_HILLS_NO_FLOOD_REQS',	'NABATAEAN_REQ_IS_DESERT_HILLS'),
		('NABATAEAN_DESERT_HILLS_NO_FLOOD_REQS',	'NABATAEAN_REQ_NOT_FLOODPLAINS');

-- COLORS
INSERT OR REPLACE INTO PlayerColors (Type, Usage, PrimaryColor, SecondaryColor)
VALUES ('LEADER_NABATAEAN_ARETAS', 'Unique', 'COLOR_PLAYER_ARABIA_PRIMARY', 'COLOR_PLAYER_ARABIA_SECONDARY');
